{
  "LogisticRegression": {
    "accuracy": 0.75,
    "f1_score": 0.6666666666666666,
    "log_loss": 0.8163559153627562
  },
  "SVM (linear)": {
    "accuracy": 0.6875,
    "f1_score": 0.6181318681318682,
    "log_loss": 0.9421254763625534
  },
  "RandomForest": {
    "accuracy": 1.0,
    "f1_score": 1.0,
    "log_loss": 0.6794059377212456
  },
  "XGBoost": {
    "accuracy": 0.9375,
    "f1_score": 0.9365079365079365,
    "log_loss": 0.4149394231409716
  }
}