{
  "LogisticRegression": {
    "accuracy": 0.8125,
    "f1_score": 0.7818181818181819,
    "log_loss": 0.7292013670427377
  },
  "SVM (linear)": {
    "accuracy": 0.6875,
    "f1_score": 0.6181318681318682,
    "log_loss": 0.95747492689141
  },
  "RandomForest": {
    "accuracy": 1.0,
    "f1_score": 1.0,
    "log_loss": 0.6570178941065834
  },
  "XGBoost": {
    "accuracy": 0.9375,
    "f1_score": 0.9365079365079365,
    "log_loss": 0.41633656300725086
  }
}