{
  "RandomForest": {
    "accuracy": 0.38461538461538464,
    "f1_score": 0.3736263736263737,
    "log_loss": 1.7613724840714688
  },
  "LogisticRegression": {
    "accuracy": 0.15384615384615385,
    "f1_score": 0.15824175824175826,
    "log_loss": 2.7135020071904092
  },
  "XGBoost": {
    "accuracy": 0.23076923076923078,
    "f1_score": 0.2571428571428572,
    "log_loss": 2.5255205631256104
  }
}