{
  "Logistic Regression": {
    "accuracy": 0.375,
    "f1_score": 0.3680555555555556,
    "log_loss": 1.549813834887051
  },
  "SVM (linear)": {
    "accuracy": 0.375,
    "f1_score": 0.3680555555555556,
    "log_loss": 1.2020456182892898
  },
  "Random Forest": {
    "accuracy": 0.4375,
    "f1_score": 0.38636363636363635,
    "log_loss": 1.2206644175237735
  },
  "XGBoost": {
    "accuracy": 0.25,
    "f1_score": 0.13333333333333333,
    "log_loss": 1.9009111670425498
  }
}